ID;SETOR_ID;ORGAO;SETOR;LOTACAO;MUNICIPIO_LOTACAO;SITUACAO;HIERARQUIA_SETOR
1;1;Secretaria da Fazenda;013.AGEATABR;Agência de Atendimento de Abreulândia;ABREULANDIA;ATIVO;SEFAZ/013.GABSEC/013.GASEGT/013.SUATRI/013.DIREC/013.DRFPTO/013.AGEATABR
2;2;Secretaria da Fazenda;013.AGEATAGU;Agência de Atendimento de Aguiarnópolis;AGUIARNOPOLIS;ATIVO;SEFAZ/013.GABSEC/013.GASEGT/013.SUATRI/013.DIREC/013.DRFTOC/013.AGEATAGU
3;3;Secretaria da Fazenda;013.AGEATALT;Agência de Atendimento de Aliança do Tocantins;ALIANCA DO TOCANTINS;ATIVO;SEFAZ/013.GABSEC/013.GASEGT/013.SUATRI/013.DIREC/013.DRFGUR/013.AGEATALT
4;4;Secretaria da Fazenda;013.AGEATALM;Agência de Atendimento de Almas;ALMAS;ATIVO;SEFAZ/013.GABSEC/013.GASEGT/013.SUATRI/013.DIREC/013.DRFTAG/013.AGEATALM
5;5;Secretaria da Fazenda;013.AGEATALV;Agência de Atendimento de Alvorada;ALVORADA;ATIVO;SEFAZ/013.GABSEC/013.GASEGT/013.SUATRI/013.DIREC/013.DRFALV/013.AGEATALV
6;6;Secretaria da Fazenda;013.AGEATANN;Agência de Atendimento de Ananás;ANANAS;ATIVO;SEFAZ/013.GABSEC/013.GASEGT/013.SUATRI/013.DIREC/013.DRFARA/013.AGEATANN
7;7;Secretaria da Fazenda;013.AGEATANG;Agência de Atendimento de Angico;ANGICO;ATIVO;SEFAZ/013.GABSEC/013.GASEGT/013.SUATRI/013.DIREC/013.DRFTOC/013.AGEATANG
8;8;Secretaria da Fazenda;013.AGEATARN;Agência de Atendimento de Aparecida do Rio Negro;APARECIDA DO RIO NEGRO;ATIVO;SEFAZ/013.GABSEC/013.GASEGT/013.SUATRI/013.DIREC/013.DRFPAL/013.AGEATARN
9;9;Secretaria da Fazenda;013.AGEATARG;Agência de Atendimento de Aragominas;ARAGOMINAS;ATIVO;SEFAZ/013.GABSEC/013.GASEGT/013.SUATRI/013.DIREC/013.DRFARA/013.AGEATARG
10;10;Secretaria da Fazenda;013.AGEATARC;Agência de Atendimento de Araguacema;ARAGUACEMA;ATIVO;SEFAZ/013.GABSEC/013.GASEGT/013.SUATRI/013.DIREC/013.DRFPTO/013.AGEATARC
11;11;Secretaria da Fazenda;013.AGEATARU;Agência de Atendimento de Araguaçu;ARAGUACU;ATIVO;SEFAZ/013.GABSEC/013.GASEGT/013.SUATRI/013.DIREC/013.DRFALV/013.AGEATARU
12;12;Secretaria da Fazenda;013.AGEATARA;Agência de Atendimento de Araguaína;ARAGUAINA;ATIVO;SEFAZ/013.GABSEC/013.GASEGT/013.SUATRI/013.DIREC/013.DRFARA/013.AGEATARA
13;13;Secretaria da Fazenda;013.AGEATAGN;Agência de Atendimento de Araguanã;ARAGUANA;ATIVO;SEFAZ/013.GABSEC/013.GASEGT/013.SUATRI/013.DIREC/013.DRFARA/013.AGEATAGN
14;14;Secretaria da Fazenda;013.AGEATAGI;Agência de Atendimento de Araguatins;ARAGUATINS;ATIVO;SEFAZ/013.GABSEC/013.GASEGT/013.SUATRI/013.DIREC/013.DRFAGI/013.AGEATAGI
15;15;Secretaria da Fazenda;013.AGEATARP;Agência de Atendimento de Arapoema;ARAPOEMA;ATIVO;SEFAZ/013.GABSEC/013.GASEGT/013.SUATRI/013.DIREC/013.DRFCOL/013.AGEATARP
16;16;Secretaria da Fazenda;013.AGEATARR;Agência de Atendimento de Arraias;ARRAIAS;ATIVO;SEFAZ/013.GABSEC/013.GASEGT/013.SUATRI/013.DIREC/013.DRFTAG/013.AGEATARR
17;17;Secretaria da Fazenda;013.AGEATAUG;Agência de Atendimento de Augustinópolis;AUGUSTINOPOLIS;ATIVO;SEFAZ/013.GABSEC/013.GASEGT/013.SUATRI/013.DIREC/013.DRFAGI/013.AGEATAUG
18;18;Secretaria da Fazenda;013.AGEATAUT;Agência de Atendimento de Aurora do Tocantins;AURORA DO TOCANTINS;ATIVO;SEFAZ/013.GABSEC/013.GASEGT/013.SUATRI/013.DIREC/013.DRFTAG/013.AGEATAUT
19;19;Secretaria da Fazenda;013.AGEATAXT;Agência de Atendimento de Axixá do Tocantins;AXIXA DO TOCANTINS;ATIVO;SEFAZ/013.GABSEC/013.GASEGT/013.SUATRI/013.DIREC/013.DRFAGI/013.AGEATAXT
20;20;Secretaria da Fazenda;013.AGEATBBL;Agência de Atendimento de Babaçulândia;BABACULANDIA;ATIVO;SEFAZ/013.GABSEC/013.GASEGT/013.SUATRI/013.DIREC/013.DRFARA/013.AGEATBBL
21;21;Secretaria da Fazenda;013.AGEATBAT;Agência de Atendimento de Bandeirantes do Tocantins;BANDEIRANTES DO TOCANTINS;ATIVO;SEFAZ/013.GABSEC/013.GASEGT/013.SUATRI/013.DIREC/013.DRFCOL/013.AGEATBAT
22;22;Secretaria da Fazenda;013.AGEATBAR;Agência de Atendimento de Barrolândia;BARROLANDIA;ATIVO;SEFAZ/013.GABSEC/013.GASEGT/013.SUATRI/013.DIREC/013.DRFMIT/013.AGEATBAR
23;23;Secretaria da Fazenda;013.AGEATBES;Agência de Atendimento de Bernardo Sayão;BERNARDO SAYAO;ATIVO;SEFAZ/013.GABSEC/013.GASEGT/013.SUATRI/013.DIREC/013.DRFCOL/013.AGEATBES
24;24;Secretaria da Fazenda;013.AGEATBJT;Agência de Atendimento de Bom Jesus do Tocantins;BOM JESUS DO TOCANTINS;ATIVO;SEFAZ/013.GABSEC/013.GASEGT/013.SUATRI/013.DIREC/013.DRFPEF/013.AGEATBJT
25;25;Secretaria da Fazenda;013.AGEATBRT;Agência de Atendimento de Brasilândia do Tocantins;BRASILANDIA;ATIVO;SEFAZ/013.GABSEC/013.GASEGT/013.SUATRI/013.DIREC/013.DRFCOL/013.AGEATBRT
26;26;Secretaria da Fazenda;013.AGEATBRN;Agência de Atendimento de Brejinho de Nazaré;BREJINHO DE NAZARE;ATIVO;SEFAZ/013.GABSEC/013.GASEGT/013.SUATRI/013.DIREC/013.DRFPNA/013.AGEATBRN
27;27;Secretaria da Fazenda;013.AGEATBUT;Agência de Atendimento de Buriti do Tocantins;BURITI DO TOCANTINS;ATIVO;SEFAZ/013.GABSEC/013.GASEGT/013.SUATRI/013.DIREC/013.DRFAGI/013.AGEATBUT
28;28;Secretaria da Fazenda;013.AGEATCAL;Agência de Atendimento de Campos Lindos;CAMPOS LINDOS;ATIVO;SEFAZ/013.GABSEC/013.GASEGT/013.SUATRI/013.DIREC/013.DRFARA/013.AGEATCAL
29;29;Secretaria da Fazenda;013.AGEATCRR;Agência de Atendimento de Cariri do Tocantins;CARIRI DO TOCANTINS;ATIVO;SEFAZ/013.GABSEC/013.GASEGT/013.SUATRI/013.DIREC/013.DRFGUR/013.AGEATCRR
30;30;Secretaria da Fazenda;013.AGEATCAR;Agência de Atendimento de Carmolândia;CARMOLANDIA;ATIVO;SEFAZ/013.GABSEC/013.GASEGT/013.SUATRI/013.DIREC/013.DRFARA/013.AGEATCAR
31;31;Secretaria da Fazenda;013.AGEATCAS;Agência de Atendimento de Caseara;CASEARA;ATIVO;SEFAZ/013.GABSEC/013.GASEGT/013.SUATRI/013.DIREC/013.DRFPTO/013.AGEATCAS
32;32;Secretaria da Fazenda;013.AGEATCOL;Agência de Atendimento de Colinas do Tocantins;COLINAS DO TOCANTINS;ATIVO;SEFAZ/013.GABSEC/013.GASEGT/013.SUATRI/013.DIREC/013.DRFCOL/013.AGEATCOL
33;33;Secretaria da Fazenda;013.AGEATCML;Agência de Atendimento de Colméia;COLMEIA;ATIVO;SEFAZ/013.GABSEC/013.GASEGT/013.SUATRI/013.DIREC/013.DRFPEF/013.AGEATCML
34;34;Secretaria da Fazenda;013.AGEATCBN;Agência de Atendimento de Combinado;COMBINADO;ATIVO;SEFAZ/013.GABSEC/013.GASEGT/013.SUATRI/013.DIREC/013.DRFTAG/013.AGEATCBN
35;35;Secretaria da Fazenda;013.AGEATCOT;Agência de Atendimento de Conceição do Tocantins;CONCEICAO DO TOCANTINS;ATIVO;SEFAZ/013.GABSEC/013.GASEGT/013.SUATRI/013.DIREC/013.DRFTAG/013.AGEATCOT
36;36;Secretaria da Fazenda;013.AGEATCOM;Agência de Atendimento de Couto Magalhães;COUTO MAGALHAES;ATIVO;SEFAZ/013.GABSEC/013.GASEGT/013.SUATRI/013.DIREC/013.DRFCOL/013.AGEATCOM
37;37;Secretaria da Fazenda;013.AGEATCRI;Agência de Atendimento de Cristalãndia;CRISTALANDIA;ATIVO;SEFAZ/013.GABSEC/013.GASEGT/013.SUATRI/013.DIREC/013.DRFPTO/013.AGEATCRI
38;38;Secretaria da Fazenda;013.AGEATDAR;Agência de Atendimento de Darcinópolis;DARCINOPOLIS;ATIVO;SEFAZ/013.GABSEC/013.GASEGT/013.SUATRI/013.DIREC/013.DRFTOC/013.AGEATDAR
39;39;Secretaria da Fazenda;013.AGEATDIA;Agência de Atendimento de Dianópolis;DIANOPOLIS;ATIVO;SEFAZ/013.GABSEC/013.GASEGT/013.SUATRI/013.DIREC/013.DRFTAG/013.AGEATDIA
40;40;Secretaria da Fazenda;013.AGEATDIV;Agência de Atendimento de Divinópolis do Tocantins;DIVINOPOLIS DO TOCANTINS;ATIVO;SEFAZ/013.GABSEC/013.GASEGT/013.SUATRI/013.DIREC/013.DRFPTO/013.AGEATDIV
41;41;Secretaria da Fazenda;013.AGEATDOI;Agência de Atendimento de Dois irmãos do Tocantins;DOIS IRMAOS DO TOCANTINS;ATIVO;SEFAZ/013.GABSEC/013.GASEGT/013.SUATRI/013.DIREC/013.DRFPTO/013.AGEATDOI
42;42;Secretaria da Fazenda;013.AGEATDUE;Agência de Atendimento de Dueré;DUERE;ATIVO;SEFAZ/013.GABSEC/013.GASEGT/013.SUATRI/013.DIREC/013.DRFGUR/013.AGEATDUE
43;43;Secretaria da Fazenda;013.AGEATFAT;Agência de Atendimento de Fátima;FATIMA;ATIVO;SEFAZ/013.GABSEC/013.GASEGT/013.SUATRI/013.DIREC/013.DRFPTO/013.AGEATFAT
44;44;Secretaria da Fazenda;013.AGEATFIG;Agência de Atendimento de Figueirópolis;FIGUEIROPOLIS;ATIVO;SEFAZ/013.GABSEC/013.GASEGT/013.SUATRI/013.DIREC/013.DRFALV/013.AGEATFIG
45;45;Secretaria da Fazenda;013.AGEATFID;Agência de Atendimento de Filadélfia;FILADELFIA;ATIVO;SEFAZ/013.GABSEC/013.GASEGT/013.SUATRI/013.DIREC/013.DRFARA/013.AGEATFID
46;46;Secretaria da Fazenda;013.AGEATFOA;Agência de Atendimento de Formoso do Araguaia;FORMOSO DO ARAGUAIA;ATIVO;SEFAZ/013.GABSEC/013.GASEGT/013.SUATRI/013.DIREC/013.DRFGUR/013.AGEATFOA
47;47;Secretaria da Fazenda;013.AGEATGOI;Agência de Atendimento de Goianorte;GOIANORTE;ATIVO;SEFAZ/013.GABSEC/013.GASEGT/013.SUATRI/013.DIREC/013.DRFPEF/013.AGEATGOI
48;48;Secretaria da Fazenda;013.AGEATGOT;Agência de Atendimento de Goiatins;GOIATINS;ATIVO;SEFAZ/013.GABSEC/013.GASEGT/013.SUATRI/013.DIREC/013.DRFARA/013.AGEATGOT
49;49;Secretaria da Fazenda;013.AGEATGUA;Agência de Atendimento de Guaraí;GUARAI;ATIVO;SEFAZ/013.GABSEC/013.GASEGT/013.SUATRI/013.DIREC/013.DRFPEF/013.AGEATGUA
50;50;Secretaria da Fazenda;013.AGEATGUR;Agência de Atendimento de Gurupi;GURUPI;ATIVO;SEFAZ/013.GABSEC/013.GASEGT/013.SUATRI/013.DIREC/013.DRFGUR/013.AGEATGUR
51;51;Secretaria da Fazenda;013.AGEATITA;Agência de Atendimento de Itacajá;ITACAJA;ATIVO;SEFAZ/013.GABSEC/013.GASEGT/013.SUATRI/013.DIREC/013.DRFPEF/013.AGEATITA
52;52;Secretaria da Fazenda;013.AGEATITG;Agência de Atendimento de Itaguatins;ITAGUATINS;ATIVO;SEFAZ/013.GABSEC/013.GASEGT/013.SUATRI/013.DIREC/013.DRFAGI/013.AGEATITG
53;53;Secretaria da Fazenda;013.AGEATITP;Agência de Atendimento de Itapiratins;ITAPIRATINS;ATIVO;SEFAZ/013.GABSEC/013.GASEGT/013.SUATRI/013.DIREC/013.DRFPEF/013.AGEATITP
54;54;Secretaria da Fazenda;013.AGEATITT;Agência de Atendimento de Itaporã do Tocantins;ITAPORA DO TOCANTINS;ATIVO;SEFAZ/013.GABSEC/013.GASEGT/013.SUATRI/013.DIREC/013.DRFCOL/013.AGEATITT
55;55;Secretaria da Fazenda;013.AGEATJAT;Agência de Atendimento de Jaú do Tocantins;JAU DO TOCANTINS;ATIVO;SEFAZ/013.GABSEC/013.GASEGT/013.SUATRI/013.DIREC/013.DRFALV/013.AGEATJAT
56;56;Secretaria da Fazenda;013.AGEATLAC;Agência de Atendimento de Lagoa da Confusão;LAGOA DA CONFUSAO;ATIVO;SEFAZ/013.GABSEC/013.GASEGT/013.SUATRI/013.DIREC/013.DRFPTO/013.AGEATLAC
57;57;Secretaria da Fazenda;013.AGEATLAT;Agência de Atendimento de Lagoa do Tocantins;LAGOA DO TOCANTINS;ATIVO;SEFAZ/013.GABSEC/013.GASEGT/013.SUATRI/013.DIREC/013.DRFPAL/013.AGEATLAT
58;58;Secretaria da Fazenda;013.AGEATLAG;Agência de Atendimento de Lajeado;LAJEADO;ATIVO;SEFAZ/013.GABSEC/013.GASEGT/013.SUATRI/013.DIREC/013.DRFMIT/013.AGEATLAG
59;59;Secretaria da Fazenda;013.AGEATMAE;Agência de Atendimento de Mateiros;MATEIROS;ATIVO;SEFAZ/013.GABSEC/013.GASEGT/013.SUATRI/013.DIREC/013.DRFPNA/013.AGEATMAE
60;60;Secretaria da Fazenda;013.AGEATMIT;Agência de Atendimento de Miracema do Tocantins;MIRACEMA DO TOCANTINS;ATIVO;SEFAZ/013.GABSEC/013.GASEGT/013.SUATRI/013.DIREC/013.DRFMIT/013.AGEATMIT
61;61;Secretaria da Fazenda;013.AGEATMIR;Agência de Atendimento de Miranorte;MIRANORTE;ATIVO;SEFAZ/013.GABSEC/013.GASEGT/013.SUATRI/013.DIREC/013.DRFMIT/013.AGEATMIR
62;62;Secretaria da Fazenda;013.AGEATMTC;Agência de Atendimento de Monte do Carmo;MONTE DO CARMO;ATIVO;SEFAZ/013.GABSEC/013.GASEGT/013.SUATRI/013.DIREC/013.DRFPNA/013.AGEATMTC
63;63;Secretaria da Fazenda;013.AGEATMOT;Agência de Atendimento de Monte Santo do Tocantins;MONTE SANTO DO TOCANTINS;ATIVO;SEFAZ/013.GABSEC/013.GASEGT/013.SUATRI/013.DIREC/013.DRFPTO/013.AGEATMOT
64;64;Secretaria da Fazenda;013.AGEATMUR;Agência de Atendimento de Muricilãndia;MURICILANDIA;ATIVO;SEFAZ/013.GABSEC/013.GASEGT/013.SUATRI/013.DIREC/013.DRFARA/013.AGEATMUR
65;65;Secretaria da Fazenda;013.AGEATNAT;Agência de Atendimento de Natividade;NATIVIDADE;ATIVO;SEFAZ/013.GABSEC/013.GASEGT/013.SUATRI/013.DIREC/013.DRFPNA/013.AGEATNAT
66;66;Secretaria da Fazenda;013.AGEATNAZ;Agência de Atendimento de Nazaré;NAZARE;ATIVO;SEFAZ/013.GABSEC/013.GASEGT/013.SUATRI/013.DIREC/013.DRFTOC/013.AGEATNAZ
67;67;Secretaria da Fazenda;013.AGEATNOO;Agência de Atendimento de Nova Olinda;NOVA OLINDA;ATIVO;SEFAZ/013.GABSEC/013.GASEGT/013.SUATRI/013.DIREC/013.DRFARA/013.AGEATNOO
68;68;Secretaria da Fazenda;013.AGEATNRO;Agência de Atendimento de Nova Rosalândia;NOVA ROSALANDIA;ATIVO;SEFAZ/013.GABSEC/013.GASEGT/013.SUATRI/013.DIREC/013.DRFPTO/013.AGEATNRO
69;69;Secretaria da Fazenda;013.AGEATNAC;Agência de Atendimento de Novo Acordo;NOVO ACORDO;ATIVO;SEFAZ/013.GABSEC/013.GASEGT/013.SUATRI/013.DIREC/013.DRFPAL/013.AGEATNAC
70;70;Secretaria da Fazenda;013.AGEATNAL;Agência de Atendimento de Novo Alegre;NOVO ALEGRE;ATIVO;SEFAZ/013.GABSEC/013.GASEGT/013.SUATRI/013.DIREC/013.DRFTAG/013.AGEATNAL
71;71;Secretaria da Fazenda;013.AGEATNJA;Agência de Atendimento de Novo Jardim;NOVO JARDIM;ATIVO;SEFAZ/013.GABSEC/013.GASEGT/013.SUATRI/013.DIREC/013.DRFTAG/013.AGEATNJA
72;72;Secretaria da Fazenda;013.AGEATPAL;Agência de Atendimento de Palmas;PALMAS;ATIVO;SEFAZ/013.GABSEC/013.GASEGT/013.SUATRI/013.DIREC/013.DRFPAL/013.AGEATPAL
73;73;Secretaria da Fazenda;013.AGEATPAT;Agência de Atendimento de Palmeiras do Tocantins;PALMEIRAS DO TOCANTINS;ATIVO;SEFAZ/013.GABSEC/013.GASEGT/013.SUATRI/013.DIREC/013.DRFTOC/013.AGEATPAT
74;74;Secretaria da Fazenda;013.AGEATPME;Agência de Atendimento de Palmeirópolis;PALMEIROPOLIS;ATIVO;SEFAZ/013.GABSEC/013.GASEGT/013.SUATRI/013.DIREC/013.DRFALV/013.AGEATPME
75;75;Secretaria da Fazenda;013.AGEATPTO;Agência de Atendimento de Paraiso do Tocantins;PARAISO DO TOCANTINS;ATIVO;SEFAZ/013.GABSEC/013.GASEGT/013.SUATRI/013.DIREC/013.DRFPTO/013.AGEATPTO
76;76;Secretaria da Fazenda;013.AGEATPAR;Agência de Atendimento de Paranã;PARANA;ATIVO;SEFAZ/013.GABSEC/013.GASEGT/013.SUATRI/013.DIREC/013.DRFALV/013.AGEATPAR
77;77;Secretaria da Fazenda;013.AGEATPDR;Agência de Atendimento de Pau D´arco;PAU DARCO;ATIVO;SEFAZ/013.GABSEC/013.GASEGT/013.SUATRI/013.DIREC/013.DRFCOL/013.AGEATPDR
78;78;Secretaria da Fazenda;013.AGEATPEF;Agência de Atendimento de Pedro Afonso;PEDRO AFONSO;ATIVO;SEFAZ/013.GABSEC/013.GASEGT/013.SUATRI/013.DIREC/013.DRFPEF/013.AGEATPEF
79;79;Secretaria da Fazenda;013.AGEATPEI;Agência de Atendimento de Peixe;PEIXE;ATIVO;SEFAZ/013.GABSEC/013.GASEGT/013.SUATRI/013.DIREC/013.DRFGUR/013.AGEATPEI
80;80;Secretaria da Fazenda;013.AGEATPEQ;Agência de Atendimento de Pequizeiro;PEQUIZEIRO;ATIVO;SEFAZ/013.GABSEC/013.GASEGT/013.SUATRI/013.DIREC/013.DRFCOL/013.AGEATPEQ
81;81;Secretaria da Fazenda;013.AGEATPIN;Agência de Atendimento de Pindorama do Tocantins;PINDORAMA DO TOCANTINS;ATIVO;SEFAZ/013.GABSEC/013.GASEGT/013.SUATRI/013.DIREC/013.DRFPNA/013.AGEATPIN
82;82;Secretaria da Fazenda;013.AGEATPJB;Agência de Atendimento de Ponte Alta do Bom Jesus;PONTE ALTA DO BOM JESUS;ATIVO;SEFAZ/013.GABSEC/013.GASEGT/013.SUATRI/013.DIREC/013.DRFTAG/013.AGEATPJB
83;83;Secretaria da Fazenda;013.AGEATPOT;Agência de Atendimento de Ponte Alta do Tocantins;PONTE ALTA DO TOCANTINS;ATIVO;SEFAZ/013.GABSEC/013.GASEGT/013.SUATRI/013.DIREC/013.DRFPNA/013.AGEATPOT
84;84;Secretaria da Fazenda;013.AGEATPNA;Agência de Atendimento de Porto Nacional;PORTO NACIONAL;ATIVO;SEFAZ/013.GABSEC/013.GASEGT/013.SUATRI/013.DIREC/013.DRFPNA/013.AGEATPNA
85;85;Secretaria da Fazenda;013.AGEATPRK;Agência de Atendimento de Presidente Kennedy;PRESIDENTE KENNEDY;ATIVO;SEFAZ/013.GABSEC/013.GASEGT/013.SUATRI/013.DIREC/013.DRFCOL/013.AGEATPRK
86;86;Secretaria da Fazenda;013.AGEATPUG;Agência de Atendimento de Pugmil;PUGMIL;ATIVO;SEFAZ/013.GABSEC/013.GASEGT/013.SUATRI/013.DIREC/013.DRFPTO/013.AGEATPUG
87;87;Secretaria da Fazenda;013.AGEATRIC;Agência de Atendimento de Riachinho;RIACHINHO;ATIVO;SEFAZ/013.GABSEC/013.GASEGT/013.SUATRI/013.DIREC/013.DRFARA/013.AGEATRIC
88;88;Secretaria da Fazenda;013.AGEATRBO;Agência de Atendimento de Rio dos Bois;RIO DOS BOIS;ATIVO;SEFAZ/013.GABSEC/013.GASEGT/013.SUATRI/013.DIREC/013.DRFMIT/013.AGEATRBO
89;89;Secretaria da Fazenda;013.AGEATRSO;Agência de Atendimento de Rio Sono;RIO SONO;ATIVO;SEFAZ/013.GABSEC/013.GASEGT/013.SUATRI/013.DIREC/013.DRFPEF/013.AGEATRSO
90;90;Secretaria da Fazenda;013.AGEATSAN;Agência de Atendimento de Sandolândia;SANDOLANDIA;ATIVO;SEFAZ/013.GABSEC/013.GASEGT/013.SUATRI/013.DIREC/013.DRFALV/013.AGEATSAN
91;91;Secretaria da Fazenda;013.AGEATSFE;Agência de Atendimento de Santa Fé do Araguaia;SANTA FE DO ARAGUAIA;ATIVO;SEFAZ/013.GABSEC/013.GASEGT/013.SUATRI/013.DIREC/013.DRFARA/013.AGEATSFE
92;92;Secretaria da Fazenda;013.AGEATSMA;Agência de Atendimento de Santa Maria do Tocantins;SANTA MARIA DO TOCANTINS;ATIVO;SEFAZ/013.GABSEC/013.GASEGT/013.SUATRI/013.DIREC/013.DRFPEF/013.AGEATSMA
93;93;Secretaria da Fazenda;013.AGEATSRI;Agência de Atendimento de Santa Rita do Tocantins;SANTA RITA DO TOCANTINS;ATIVO;SEFAZ/013.GABSEC/013.GASEGT/013.SUATRI/013.DIREC/013.DRFPTO/013.AGEATSRI
94;94;Secretaria da Fazenda;013.AGEATSRO;Agência de Atendimento de Santa Rosa do Tocantins;SANTA ROSA DO TOCANTINS;ATIVO;SEFAZ/013.GABSEC/013.GASEGT/013.SUATRI/013.DIREC/013.DRFPNA/013.AGEATSRO
95;95;Secretaria da Fazenda;013.AGEATSBT;Agência de Atendimento de São Bento do Tocantins;SAO BENTO DO TOCANTINS;ATIVO;SEFAZ/013.GABSEC/013.GASEGT/013.SUATRI/013.DIREC/013.DRFAGI/013.AGEATSBT
96;96;Secretaria da Fazenda;013.AGEATSMT;Agência de Atendimento de São Miguel do Tocantins;SAO MIGUEL DO TOCANTINS;ATIVO;SEFAZ/013.GABSEC/013.GASEGT/013.SUATRI/013.DIREC/013.DRFAGI/013.AGEATSMT
97;97;Secretaria da Fazenda;013.AGEATSIL;Agência de Atendimento de Silvanópolis;SILVANOPOLIS;ATIVO;SEFAZ/013.GABSEC/013.GASEGT/013.SUATRI/013.DIREC/013.DRFPNA/013.AGEATSIL
98;98;Secretaria da Fazenda;013.AGEATSNT;Agência de Atendimento de Sitio Novo do Tocantins;SITIO NOVO DO TOCANTINS;ATIVO;SEFAZ/013.GABSEC/013.GASEGT/013.SUATRI/013.DIREC/013.DRFAGI/013.AGEATSNT
99;99;Secretaria da Fazenda;013.AGEATTAB;Agência de Atendimento de Tabocão;FORTALEZA DO TABOCAO;ATIVO;SEFAZ/013.GABSEC/013.GASEGT/013.SUATRI/013.DIREC/013.DRFPEF/013.AGEATTAB
100;100;Secretaria da Fazenda;013.AGEATTAG;Agência de Atendimento de Taguatinga;TAGUATINGA;ATIVO;SEFAZ/013.GABSEC/013.GASEGT/013.SUATRI/013.DIREC/013.DRFTAG/013.AGEATTAG
101;101;Secretaria da Fazenda;013.AGEATTAL;Agência de Atendimento de Talismã;TALISMA;ATIVO;SEFAZ/013.GABSEC/013.GASEGT/013.SUATRI/013.DIREC/013.DRFALV/013.AGEATTAL
102;102;Secretaria da Fazenda;013.AGEATTAQ;Agência de Atendimento de Taquaralto;PALMAS;ATIVO;SEFAZ/013.GABSEC/013.GASEGT/013.SUATRI/013.DIREC/013.DRFPAL/013.AGEATTAQ
103;103;Secretaria da Fazenda;013.AGEATTCN;Agência de Atendimento de Tocantínia;TOCANTINIA;ATIVO;SEFAZ/013.GABSEC/013.GASEGT/013.SUATRI/013.DIREC/013.DRFMIT/013.AGEATTCN
104;104;Secretaria da Fazenda;013.AGEATTOC;Agência de Atendimento de Tocantinópolis;TOCANTINOPOLIS;ATIVO;SEFAZ/013.GABSEC/013.GASEGT/013.SUATRI/013.DIREC/013.DRFTOC/013.AGEATTOC
105;105;Secretaria da Fazenda;013.AGEATTUP;Agência de Atendimento de Tupirama;TUPIRAMA;ATIVO;SEFAZ/013.GABSEC/013.GASEGT/013.SUATRI/013.DIREC/013.DRFPEF/013.AGEATTUP
106;106;Secretaria da Fazenda;013.AGEATWND;Agência de Atendimento de Wanderlândia;WANDERLANDIA;ATIVO;SEFAZ/013.GABSEC/013.GASEGT/013.SUATRI/013.DIREC/013.DRFARA/013.AGEATWND
107;107;Secretaria da Fazenda;013.AGEATXMB;Agência de Atendimento de Xambioá;XAMBIOA;ATIVO;SEFAZ/013.GABSEC/013.GASEGT/013.SUATRI/013.DIREC/013.DRFARA/013.AGEATXMB
108;108;Secretaria da Fazenda;013.AGEATMRT;Agência de Atendimento Marianópolis do Tocantins;MARIANOPOLIS DO TOCANTINS;ATIVO;SEFAZ/013.GABSEC/013.GASEGT/013.SUATRI/013.DIREC/013.DRFPTO/013.AGEATMRT
109;109;Secretaria da Fazenda;013.AGEATSTT;Agência de Atendimento Santa Tereza do Tocantins;SANTA TEREZA DO TOCANTINS;ATIVO;SEFAZ/013.GABSEC/013.GASEGT/013.SUATRI/013.DIREC/013.DRFPAL/013.AGEATSTT
110;110;Secretaria da Fazenda;013.AGEATSAV;Agência de Atendimento São Valério da Natividade;SAO VALERIO;ATIVO;SEFAZ/013.GABSEC/013.GASEGT/013.SUATRI/013.DIREC/013.DRFGUR/013.AGEATSAV
111;111;Secretaria da Fazenda;013.AGECON;Agente de Contratação;PALMAS;ATIVO;SEFAZ/013.GABSEC/013.GABSEXT/013.SUCOLI/013.AGECON
112;112;Secretaria da Fazenda;013.ASAP;Assessoria de Análises e Pesquisas;PALMAS;ATIVO;SEFAZ/013.GABSEC/013.GASEGT/013.SUPEFE/013.DIF/013.ASAP
113;113;Secretaria da Fazenda;013.ASGAB;Assessoria de Gabinete II - Gab do Secretário;PALMAS;ATIVO;SEFAZ/013.GABSEC/013.ASGAB
114;114;Secretaria da Fazenda;013.ASGAB III;Assessoria de Gabinete III - Gab do Sec Ex Tesouro;PALMAS;ATIVO;SEFAZ/013.GABSEC/013.GABSEXT/013.ASGAB III
115;115;Secretaria da Fazenda;013.ASGABIII1;Assessoria de Gabinete III -Gabinete do Secretário;PALMAS;ATIVO;SEFAZ/013.GABSEC/013.ASGABIII1
116;116;Secretaria da Fazenda;013.ASGABIII3;Assessoria de Gabinete III-Gab Sec Ex Gest Tribut;PALMAS;ATIVO;SEFAZ/013.GABSEC/013.GASEGT/013.ASGABIII3
117;117;Secretaria da Fazenda;013.ASGEST;Assessoria de Gestão Estratégica (PROFISCO);PALMAS;ATIVO;SEFAZ/013.GABSEC/013.ASGEST
118;118;Secretaria da Fazenda;013.ASIP;Assessoria de Integração e Pesquisa;PALMAS;ATIVO;SEFAZ/013.GABSEC/013.SUTIF/013.DIN/013.ASIP
119;119;Secretaria da Fazenda;013.ASLAF;Assessoria de Laboratório Forense;PALMAS;ATIVO;SEFAZ/013.GABSEC/013.GASEGT/013.SUPEFE/013.DAJUC/013.ASLAF
120;120;Secretaria da Fazenda;013.ASPLA;Assessoria de Planejamento;PALMAS;ATIVO;SEFAZ/013.GABSEC/013.ASPLA
121;121;Secretaria da Fazenda;013.ASPOT;Assessoria de Política Tributária;PALMAS;ATIVO;SEFAZ/013.GABSEC/013.ASPOT
122;122;Secretaria da Fazenda;013.ASMED;Assessoria de Social Media e Design;PALMAS;ATIVO;SEFAZ/013.GABSEC/013.CHECOM/013.ASMED
123;123;Secretaria da Fazenda;013.ASCOM;Assessoria Econômica;PALMAS;ATIVO;SEFAZ/013.GABSEC/013.ASCOM
124;124;Secretaria da Fazenda;013.ASJUR;Assessoria Jurídica;PALMAS;ATIVO;SEFAZ/013.GABSEC/013.SUASJUR/013.ASJUR
125;125;Secretaria da Fazenda;013.CEFIS;Central de Execuções Fiscais;PALMAS;ATIVO;SEFAZ/013.GABSEC/013.CEFIS
126;126;Secretaria da Fazenda;013.CEFIS2;Central de Execuções Fiscais - Gurupi;GURUPI;ATIVO;SEFAZ/013.GABSEC/013.CEFIS2
127;127;Secretaria da Fazenda;013.CHASCOM;Chefia da Assessoria de Comunicação;PALMAS;ATIVO;SEFAZ/013.GABSEC/013.CHASCOM
128;128;Secretaria da Fazenda;013.CATF;Chefia da Assessoria Técnica Fazendária;PALMAS;ATIVO;SEFAZ/013.GABSEC/013.CATF
129;129;Secretaria da Fazenda;013.CHECOM;Chefia de Assessoria de Comunicação;PALMAS;ATIVO;SEFAZ/013.GABSEC/013.CHECOM
130;130;Secretaria da Fazenda;013.CAGEF;Chefia de Assessoria de Gestão dos Fundos;PALMAS;ATIVO;SEFAZ/013.GABSEC/013.GABSEXT/013.CAGEF
131;131;Secretaria da Fazenda;013.CRADALV;Coordenadoria Regional de Administração - Alvorada;ALVORADA;ATIVO;SEFAZ/013.GABSEC/013.GASEGT/013.SUATRI/013.DIREC/013.DRFALV/013.CRADALV
132;132;Secretaria da Fazenda;013.CRADARA;Coordenadoria Regional de Administração - Araguaína;ARAGUAINA;ATIVO;SEFAZ/013.GABSEC/013.GASEGT/013.SUATRI/013.DIREC/013.DRFARA/013.CRADARA
133;133;Secretaria da Fazenda;013.CRADAGI;Coordenadoria Regional de Administração - Araguatins;ARAGUATINS;ATIVO;SEFAZ/013.GABSEC/013.GASEGT/013.SUATRI/013.DIREC/013.DRFAGI/013.CRADAGI
134;134;Secretaria da Fazenda;013.CRADCOL;Coordenadoria Regional de Administração - Colinas;COLINAS DO TOCANTINS;ATIVO;SEFAZ/013.GABSEC/013.GASEGT/013.SUATRI/013.DIREC/013.DRFCOL/013.CRADCOL
135;135;Secretaria da Fazenda;013.CRADGUR;Coordenadoria Regional de Administração - Gurupi;GURUPI;ATIVO;SEFAZ/013.GABSEC/013.GASEGT/013.SUATRI/013.DIREC/013.DRFGUR/013.CRADGUR
136;136;Secretaria da Fazenda;013.CRAD;Coordenadoria Regional de Administração - Miracema;MIRACEMA DO TOCANTINS;ATIVO;SEFAZ/013.GABSEC/013.GASEGT/013.SUATRI/013.DIREC/013.DRFMIT/013.CRADMIT
137;137;Secretaria da Fazenda;013.CRAD;Coordenadoria Regional de Administração - Palmas;PALMAS;ATIVO;SEFAZ/013.GABSEC/013.GASEGT/013.SUATRI/013.DIREC/013.CRAD
138;138;Secretaria da Fazenda;013.CRADPTO;Coordenadoria Regional de Administração - Paraiso;PARAISO DO TOCANTINS;ATIVO;SEFAZ/013.GABSEC/013.GASEGT/013.SUATRI/013.DIREC/013.DRFPTO/013.CRADPTO
139;139;Secretaria da Fazenda;013.CRAD;Coordenadoria Regional de Administração - Pedro Afonso;PEDRO AFONSO;ATIVO;SEFAZ/013.GABSEC/013.GASEGT/013.SUATRI/013.DIREC/013.DRFPEF/013.CRADPEF
140;140;Secretaria da Fazenda;013.CRADPNA;Coordenadoria Regional de Administração - Porto Nacional;PORTO NACIONAL;ATIVO;SEFAZ/013.GABSEC/013.GASEGT/013.SUATRI/013.DIREC/013.DRFPNA/013.CRADPNA
141;141;Secretaria da Fazenda;013.CRADTAG;Coordenadoria Regional de Administração - Taguatinga;TAGUATINGA;ATIVO;SEFAZ/013.GABSEC/013.GASEGT/013.SUATRI/013.DIREC/013.DRFTAG/013.CRADTAG
142;142;Secretaria da Fazenda;013.CRADTOC;Coordenadoria Regional de Administração - Tocantinópolis;TOCANTINOPOLIS;ATIVO;SEFAZ/013.GABSEC/013.GASEGT/013.SUATRI/013.DIREC/013.DRFTOC/013.CRADTOC
143;143;Secretaria da Fazenda;013.CRAALV;Coordenadoria Regional de Arrecadação - Alvorada;ALVORADA;ATIVO;SEFAZ/013.GABSEC/013.GASEGT/013.SUATRI/013.DIREC/013.DRFALV/013.CRAALV
144;144;Secretaria da Fazenda;013.CRAARA;Coordenadoria Regional de Arrecadação - Araguaína;ARAGUAINA;ATIVO;SEFAZ/013.GABSEC/013.GASEGT/013.SUATRI/013.DIREC/013.DRFARA/013.CRAARA
145;145;Secretaria da Fazenda;013.CRAAGI;Coordenadoria Regional de Arrecadação - Araguatins;ARAGUATINS;ATIVO;SEFAZ/013.GABSEC/013.GASEGT/013.SUATRI/013.DIREC/013.DRFAGI/013.CRAAGI
146;146;Secretaria da Fazenda;013.CRACOL;Coordenadoria Regional de Arrecadação - Colinas;COLINAS DO TOCANTINS;ATIVO;SEFAZ/013.GABSEC/013.GASEGT/013.SUATRI/013.DIREC/013.DRFCOL/013.CRACOL
147;147;Secretaria da Fazenda;013.CRAGUR;Coordenadoria Regional de Arrecadação - Gurupi;GURUPI;ATIVO;SEFAZ/013.GABSEC/013.GASEGT/013.SUATRI/013.DIREC/013.DRFGUR/013.CRAGUR
148;148;Secretaria da Fazenda;013.CRAMIT;Coordenadoria Regional de Arrecadação - Miracema;MIRACEMA DO TOCANTINS;ATIVO;SEFAZ/013.GABSEC/013.GASEGT/013.SUATRI/013.DIREC/013.DRFMIT/013.CRAMIT
149;149;Secretaria da Fazenda;013.CRA;Coordenadoria Regional de Arrecadação - Palmas;PALMAS;ATIVO;SEFAZ/013.GABSEC/013.GASEGT/013.SUATRI/013.DIREC/013.CRA
150;150;Secretaria da Fazenda;013.CRAPTO;Coordenadoria Regional de Arrecadação - Paraiso;PARAISO DO TOCANTINS;ATIVO;SEFAZ/013.GABSEC/013.GASEGT/013.SUATRI/013.DIREC/013.DRFPTO/013.CRAPTO
151;151;Secretaria da Fazenda;013.CRAPEF;Coordenadoria Regional de Arrecadação - Pedro Afonso;PEDRO AFONSO;ATIVO;SEFAZ/013.GABSEC/013.GASEGT/013.SUATRI/013.DIREC/013.DRFPEF/013.CRAPEF
152;152;Secretaria da Fazenda;013.CRAPON;Coordenadoria Regional de Arrecadação - Porto Nacional;PORTO NACIONAL;ATIVO;SEFAZ/013.GABSEC/013.GASEGT/013.SUATRI/013.DIREC/013.DRFALV/013.CRAPON
153;153;Secretaria da Fazenda;013.CRATAG;Coordenadoria Regional de Arrecadação - Taguatinga;TAGUATINGA;ATIVO;SEFAZ/013.GABSEC/013.GASEGT/013.SUATRI/013.DIREC/013.DRFTAG/013.CRATAG
154;154;Secretaria da Fazenda;013.CRATOC;Coordenadoria Regional de Arrecadação - Tocantinópolis;TOCANTINOPOLIS;ATIVO;SEFAZ/013.GABSEC/013.GASEGT/013.SUATRI/013.DIREC/013.DRFTOC/013.CRATOC
155;155;Secretaria da Fazenda;013.CRFALV;Coordenadoria Regional de Fiscalização - Alvorada;ALVORADA;ATIVO;SEFAZ/013.GABSEC/013.GASEGT/013.SUATRI/013.DIREC/013.DRFALV/013.CRFALV
156;156;Secretaria da Fazenda;013.CRFARA;Coordenadoria Regional de Fiscalização - Araguaína;ARAGUAINA;ATIVO;SEFAZ/013.GABSEC/013.GASEGT/013.SUATRI/013.DIREC/013.DRFARA/013.CRFARA
157;157;Secretaria da Fazenda;013.CRFAGI;Coordenadoria Regional de Fiscalização - Araguatins;ARAGUATINS;ATIVO;SEFAZ/013.GABSEC/013.GASEGT/013.SUATRI/013.DIREC/013.DRFAGI/013.CRFAGI
158;158;Secretaria da Fazenda;013.CRFCOL;Coordenadoria Regional de Fiscalização - Colinas;COLINAS DO TOCANTINS;ATIVO;SEFAZ/013.GABSEC/013.GASEGT/013.SUATRI/013.DIREC/013.DRFCOL/013.CRFCOL
159;159;Secretaria da Fazenda;013.CRFGUR;Coordenadoria Regional de Fiscalização - Gurupi;GURUPI;ATIVO;SEFAZ/013.GABSEC/013.GASEGT/013.SUATRI/013.DIREC/013.DRFALV/013.013.CRFGUR
160;160;Secretaria da Fazenda;013.CRFMIT;Coordenadoria Regional de Fiscalização - Miracema;MIRACEMA DO TOCANTINS;ATIVO;SEFAZ/013.GABSEC/013.GASEGT/013.SUATRI/013.DIREC/013.DRFMIT/013.CRFMIT
161;161;Secretaria da Fazenda;013.CRF;Coordenadoria Regional de Fiscalização - Palmas;PALMAS;ATIVO;SEFAZ/013.GABSEC/013.GASEGT/013.SUATRI/013.DIREC/013.CRF
162;162;Secretaria da Fazenda;013.CRFPTO;Coordenadoria Regional de Fiscalização - Paraiso;PARAISO DO TOCANTINS;ATIVO;SEFAZ/013.GABSEC/013.GASEGT/013.SUATRI/013.DIREC/013.DRFPTO/013.CRFPTO
163;163;Secretaria da Fazenda;013.CRFPEF;Coordenadoria Regional de Fiscalização - Pedro Afonso;PEDRO AFONSO;ATIVO;SEFAZ/013.GABSEC/013.GASEGT/013.SUATRI/013.DIREC/013.DRFPEF/013.CRFPEF
164;164;Secretaria da Fazenda;013.CRFPNA;Coordenadoria Regional de Fiscalização - Porto Nacional;PORTO NACIONAL;ATIVO;SEFAZ/013.GABSEC/013.GASEGT/013.SUATRI/013.DIREC/013.DRFPNA/013.CRFPNA
165;165;Secretaria da Fazenda;013.CRFTAG;Coordenadoria Regional de Fiscalização - Taguatinga;TAGUATINGA;ATIVO;SEFAZ/013.GABSEC/013.GASEGT/013.SUATRI/013.DIREC/013.DRFTAG/013.CRFTAG
166;166;Secretaria da Fazenda;013.CRFTOC;Coordenadoria Regional de Fiscalização - Tocantinópolis;TOCANTINOPOLIS;ATIVO;SEFAZ/013.GABSEC/013.GASEGT/013.SUATRI/013.DIREC/013.DRFTOC/013.CRFTOC
167;167;Secretaria da Fazenda;013.COFAZ;Corregedoria Fazendária;PALMAS;ATIVO;SEFAZ/013.GABSEC/013.COFAZ
168;168;Secretaria da Fazenda;013.DRREAT;Delegacia Regional de Fiscalização - Alvorada;ALVORADA;ATIVO;SEFAZ/013.GABSEC/013.GASEGT/013.SUATRI/013.DIREC/013.DRREAT
169;169;Secretaria da Fazenda;013.DRFARA;Delegacia Regional de Fiscalização - Araguaína;ARAGUAINA;ATIVO;SEFAZ/013.GABSEC/013.GASEGT/013.SUATRI/013.DIREC/013.DRFARA
170;170;Secretaria da Fazenda;013.DRFAGI;Delegacia Regional de Fiscalização - Araguatins;ARAGUATINS;ATIVO;SEFAZ/013.GABSEC/013.GASEGT/013.SUATRI/013.DIREC/013.DRFAGI
171;171;Secretaria da Fazenda;013.DRRECT;Delegacia Regional de Fiscalização - Colinas do Tocantins;COLINAS DO TOCANTINS;ATIVO;SEFAZ/013.GABSEC/013.GASEGT/013.SUATRI/013.DIREC/013.DRRECT
172;172;Secretaria da Fazenda;013.DRREG;Delegacia Regional de Fiscalização - Gurupi;GURUPI;ATIVO;SEFAZ/013.GABSEC/013.GASEGT/013.SUATRI/013.DIREC/013.DRREG
173;173;Secretaria da Fazenda;013.DRFMIT;Delegacia Regional de Fiscalização - Miracema;MIRACEMA DO TOCANTINS;ATIVO;SEFAZ/013.GABSEC/013.GASEGT/013.SUATRI/013.DIREC/013.DRFMIT
174;174;Secretaria da Fazenda;013.DRFPAL;Delegacia Regional de Fiscalização - Palmas;PALMAS;ATIVO;SEFAZ/013.GABSEC/013.GASEGT/013.SUATRI/013.DIREC/013.DRF
175;175;Secretaria da Fazenda;013.DRFPTO;Delegacia Regional de Fiscalização - Paraiso;PARAISO DO TOCANTINS;ATIVO;SEFAZ/013.GABSEC/013.GASEGT/013.SUATRI/013.DIREC/013.DRFPTO
176;176;Secretaria da Fazenda;013.DRREPA;Delegacia Regional de Fiscalização - Pedro Afonso;PEDRO AFONSO;ATIVO;SEFAZ/013.GABSEC/013.GASEGT/013.SUATRI/013.DIREC/013.DRREPA
177;177;Secretaria da Fazenda;013.DRFPNA;Delegacia Regional de Fiscalização - Porto Nacional;PORTO NACIONAL;ATIVO;SEFAZ/013.GABSEC/013.GASEGT/013.SUATRI/013.DIREC/013.DRFPNA
178;178;Secretaria da Fazenda;013.DRRET;Delegacia Regional de Fiscalização - Taguatinga;TAGUATINGA;ATIVO;SEFAZ/013.GABSEC/013.GASEGT/013.SUATRI/013.DIREC/013.DRRET
179;179;Secretaria da Fazenda;013.DRRET2;Delegacia Regional de Fiscalização - Tocantinopolis;TOCANTINOPOLIS;ATIVO;SEFAZ/013.GABSEC/013.GASEGT/013.SUATRI/013.DIREC/013.DRRET2
180;180;Secretaria da Fazenda;013.DICREFIS;Diretoria da Cobrança e Recup de Créditos Fiscais;PALMAS;ATIVO;SEFAZ/013.GABSEC/013.GASEGT/013.SUATRI/013.DICREFIS
181;181;Secretaria da Fazenda;013.DIEFAZ;Diretoria da Escola Fazendária;PALMAS;ATIVO;SEFAZ/013.GABSEC/013.SAF/013.DIEFAZ
182;182;Secretaria da Fazenda;013.DIREC;Diretoria da Receita;PALMAS;ATIVO;SEFAZ/013.GABSEC/013.GASEGT/013.SUATRI/013.DIREC
183;183;Secretaria da Fazenda;013.DIANP;Diretoria de Acomp, Normas e Procedimentos;PALMAS;ATIVO;SEFAZ/013.GABSEC/013.GABSEXT/013.SUCOG/013.DIANP
184;184;Secretaria da Fazenda;013.DAJUC;Diretoria de Acompanhamento Judicial-Criminal;PALMAS;ATIVO;SEFAZ/013.GABSEC/013.GASEGT/013.SUPEFE/013.DAJUC
185;185;Secretaria da Fazenda;013.DAF;Diretoria de Administração e Finanças;PALMAS;ATIVO;SEFAZ/013.GABSEC/013.SAF/013.DAF
186;186;Secretaria da Fazenda;013.DAMIJU;Diretoria de Aval e Mitig de Impa de Dema Judicial;PALMAS;ATIVO;SEFAZ/013.GABSEC/013.GABSEXT/013.SUTES/013.DAMIJU
187;187;Secretaria da Fazenda;013.DICOM;Diretoria de Compras;PALMAS;ATIVO;SEFAZ/013.GABSEC/013.GABSEXT/013.SUCOLI/013.DICOM
188;188;Secretaria da Fazenda;013.DICONTS;Diretoria de Contabilidade Setorial;PALMAS;ATIVO;SEFAZ/013.GABSEC/013.SAF/013.DICONTS
189;189;Secretaria da Fazenda;013.DICUS;Diretoria de Custos;PALMAS;ATIVO;SEFAZ/013.GABSEC/013.GABSEXT/013.SUCOG/013.DICUS
190;190;Secretaria da Fazenda;013.DIDEC;Diretoria de Demonstrações Contábeis;PALMAS;ATIVO;SEFAZ/013.GABSEC/013.GABSEXT/013.SUCOG/013.DIDEC
191;191;Secretaria da Fazenda;013.DIREXEFIN;Diretoria de Execução Financeira;PALMAS;ATIVO;SEFAZ/013.GABSEC/013.GABSEXT/013.SUTES/013.DIREXEFIN
192;192;Secretaria da Fazenda;013.DIGEP;Diretoria de Gestão de Pessoas;PALMAS;ATIVO;SEFAZ/013.GABSEC/013.SAF/013.DIGEP
193;193;Secretaria da Fazenda;013.DIGECE;Diretoria de Gestão do Caixa Estadual;PALMAS;ATIVO;SEFAZ/013.GABSEC/013.DIGECE
194;194;Secretaria da Fazenda;013.DIGCON;Diretoria de Grandes Contribuintes;PALMAS;ATIVO;SEFAZ/013.GABSEC/013.GASEGT/013.SUATRI/013.DIGCON
195;195;Secretaria da Fazenda;013.DINFIS;Diretoria de Informações Econômicas e Fiscais;PALMAS;ATIVO;SEFAZ/013.GABSEC/013.GASEGT/013.SUATRI/013.DINFIS
196;196;Secretaria da Fazenda;013.DINFRA;Diretoria de Infraestrutura;PALMAS;ATIVO;SEFAZ/013.GABSEC/013.SUTIF/013.DINFRA
197;197;Secretaria da Fazenda;013.DIN;Diretoria de Inovação;PALMAS;ATIVO;SEFAZ/013.GABSEC/013.SUTIF/013.DIN
198;198;Secretaria da Fazenda;013.DIF;Diretoria de Inteligência Fiscal;PALMAS;ATIVO;SEFAZ/013.GABSEC/013.GASEGT/013.SUPEFE/013.DIF
199;199;Secretaria da Fazenda;013.DILIC;Diretoria de Licitação;PALMAS;ATIVO;SEFAZ/013.GABSEC/013.GABSEXT/013.SUCOLI/013.DILIC
200;200;Secretaria da Fazenda;013.DIRESF;Diretoria de Responsabilidade Fiscal;PALMAS;ATIVO;SEFAZ/013.GABSEC/013.GABSEXT/013.SUCOG/013.DIRESF
201;201;Secretaria da Fazenda;013.DICORP;Diretoria de Sistemas Corporativos;PALMAS;ATIVO;SEFAZ/013.GABSEC/013.SUTIF/013.DICORP
202;202;Secretaria da Fazenda;013.DITRIB;Diretoria de Tributação;PALMAS;ATIVO;SEFAZ/013.GABSEC/013.GASEGT/013.SUATRI/013.DITRIB
203;203;Secretaria da Fazenda;013.DIGET;Diretoria Geral de Gestão Tecnológica;PALMAS;ATIVO;SEFAZ/013.GABSEC/013.SUTIF/013.DIGET
204;204;Secretaria da Fazenda;013.GABSEC;Gabinete do Secretário;PALMAS;ATIVO;SEFAZ/013.GABSEC
205;205;Secretaria da Fazenda;013.GASEGT;Gabinete do Secretário Exec de Gestão Tributária;PALMAS;ATIVO;SEFAZ/013.GABSEC/013.GASEGT
206;206;Secretaria da Fazenda;013.GABSEXT;Gabinete do Secretario Executivo do Tesouro;PALMAS;ATIVO;SEFAZ/013.GABSEC/013.GABSEXT
207;207;Secretaria da Fazenda;013.GEDIAT;Gerência da Dívida Ativa;PALMAS;ATIVO;SEFAZ/013.GABSEC/013.GASEGT/013.SUATRI/013.DICREFIS/013.GEDIAT
208;208;Secretaria da Fazenda;013.GESICAP;Gerência de Acomp  do SICAP Contábil;PALMAS;ATIVO;SEFAZ/013.GABSEC/013.GABSEXT/013.SUCOG/013.DIDEC/013.GESICAP
209;209;Secretaria da Fazenda;013.GEACONT;Gerência de Acomp Contábil das Unidades Setoriais;PALMAS;ATIVO;SEFAZ/013.GABSEC/013.GABSEXT/013.SUCOG/013.DIANP/013.GEACONT
210;210;Secretaria da Fazenda;013.GEASC;Gerência de Acomp do Sist Contábil Financeiro;PALMAS;ATIVO;SEFAZ/013.GABSEC/013.GABSEXT/013.SUCOG/013.DIDEC/013.GEASC
211;211;Secretaria da Fazenda;013.GEALOG;Gerência de Administração e Logística;PALMAS;ATIVO;SEFAZ/013.GABSEC/013.SAF/013.DIEFAZ/013.GEALOG
212;212;Secretaria da Fazenda;013.GEALMO;Gerência de Almoxarifado;PALMAS;ATIVO;SEFAZ/013.GABSEC/013.SAF/013.DAF/013.GEALMO
213;213;Secretaria da Fazenda;013.GEAPRO;Gerência de Análise Processual;PALMAS;ATIVO;SEFAZ/013.GABSEC/013.GASEGT/013.SUATRI/013.DITRIB/013.GEAPRO
214;214;Secretaria da Fazenda;013.GEAPO;Gerência de Apoio;PALMAS;ATIVO;SEFAZ/013.GABSEC/013.GABSEXT/013.SUCOLI/013.DILIC/013.GEAPO
215;215;Secretaria da Fazenda;013.GEAR;Gerência de Arrecadação;PALMAS;ATIVO;SEFAZ/013.GABSEC/013.GASEGT/013.SUATRI/013.DINFIS/013.GEAR
216;216;Secretaria da Fazenda;013.GEAUFIS;Gerência de Automação Fiscal;PALMAS;ATIVO;SEFAZ/013.GABSEC/013.GASEGT/013.SUATRI/013.DINFIS/013.GEAUFIS
217;217;Secretaria da Fazenda;013.GEBAD;Gerência de Banco de Dados;PALMAS;ATIVO;SEFAZ/013.GABSEC/013.SUTIF/013.DINFRA/013.GEBAD
218;218;Secretaria da Fazenda;013.GEBEFI;Gerência de Benefícios Fiscais;PALMAS;ATIVO;SEFAZ/013.GABSEC/013.GASEGT/013.SUATRI/013.DITRIB/013.GEBEFI
219;219;Secretaria da Fazenda;013.GECAD;Gerência de Cadastro;PALMAS;ATIVO;SEFAZ/013.GABSEC/013.GASEGT/013.SUATRI/013.DINFIS/013.GECAD
220;220;Secretaria da Fazenda;013.GERCOBR;Gerência de Cobrança;PALMAS;ATIVO;SEFAZ/013.GABSEC/013.GASEGT/013.SUATRI/013.DICREFIS/013.GERCOBR
221;221;Secretaria da Fazenda;013.GECOM;Gerência de Compras;PALMAS;ATIVO;SEFAZ/013.GABSEC/013.SAF/013.DAF/013.GECOM
222;222;Secretaria da Fazenda;013.GECAS;Gerência de Controle de Acesso ao Siafe;PALMAS;ATIVO;SEFAZ/013.GABSEC/013.GABSEXT/013.SUCOG/013.DICUS/013.GECAS
223;223;Secretaria da Fazenda;013.GEARPRO;Gerência de Controle e Acomp de Processos;PALMAS;ATIVO;SEFAZ/013.GABSEC/013.GASEGT/013.SUATRI/013.DICREFIS/013.GEARPRO
224;224;Secretaria da Fazenda;013.GECEC-TO;Gerência de Cotação Eletrônica - Compras-TO;PALMAS;ATIVO;SEFAZ/013.GABSEC/013.GABSEXT/013.SUCOLI/013.DICOM/013.GECEC-TO
225;225;Secretaria da Fazenda;013.GEDENT;Gerência de Débitos não Tributários;PALMAS;ATIVO;SEFAZ/013.GABSEC/013.GASEGT/013.SUATRI/013.DICREFIS/013.GEDENT
226;226;Secretaria da Fazenda;013.GEDEC;Gerência de Demonstrações Contábeis;PALMAS;ATIVO;SEFAZ/013.GABSEC/013.GABSEXT/013.SUCOG/013.DIDEC/013.GEDEC
227;227;Secretaria da Fazenda;013.GEFOR;Gerência de e-Fornecedores;PALMAS;ATIVO;SEFAZ/013.GABSEC/013.GABSEXT/013.SUCOLI/013.DICOM/013.GEFOR
228;228;Secretaria da Fazenda;013.GELDFIS;Gerência de Elaboração de Demons Fiscais;PALMAS;ATIVO;SEFAZ/013.GABSEC/013.GABSEXT/013.SUCOG/013.DIRESF/013.GELDFIS
229;229;Secretaria da Fazenda;013.GELED;Gerência de Elaboração de Editais;PALMAS;ATIVO;SEFAZ/013.GABSEC/013.GABSEXT/013.SUCOLI/013.DILIC/013.GELED
230;230;Secretaria da Fazenda;013.GEORF;Gerência de Execução Orçamentária e Financeira;PALMAS;ATIVO;SEFAZ/013.GABSEC/013.SAF/013.DAF/013.GEORF
231;231;Secretaria da Fazenda;013.GEFISTRA;Gerência de Fisc de Trânsito e Postos Fiscais;PALMAS;ATIVO;SEFAZ/013.GABSEC/013.GASEGT/013.SUATRI/013.DIREC/013.GEFISTRA
232;232;Secretaria da Fazenda;013.GEFISEST;Gerência de Fiscalização de Estabelecimentos;PALMAS;ATIVO;SEFAZ/013.GABSEC/013.GASEGT/013.SUATRI/013.DIREC/013.GEFISEST
233;233;Secretaria da Fazenda;013.GEIMC;Gerência de Implantação de Custos;PALMAS;ATIVO;SEFAZ/013.GABSEC/013.GABSEXT/013.SUCOG/013.DICUS/013.GEIMC
234;234;Secretaria da Fazenda;013.GIRC;Gerência de Implementação de Rotinas Contábeis;PALMAS;ATIVO;SEFAZ/013.GABSEC/013.GABSEXT/013.SUCOG/013.DIANP/013.GIRC
235;235;Secretaria da Fazenda;013.GEINFEC;Gerência de Informações Econômico-Fiscais;PALMAS;ATIVO;SEFAZ/013.GABSEC/013.GASEGT/013.SUATRI/013.DINFIS/013.GEINFEC
236;236;Secretaria da Fazenda;013.GEIPLE;Gerência de IPVA e Leilões;PALMAS;ATIVO;SEFAZ/013.GABSEC/013.GASEGT/013.SUATRI/013.DIREC/013.GEIPLE
237;237;Secretaria da Fazenda;013.GITCMD;Gerência de ITCMD;PALMAS;ATIVO;SEFAZ/013.GABSEC/013.GASEGT/013.SUATRI/013.DIREC/013.GITCMD
238;238;Secretaria da Fazenda;013.GEINFAZ;Gerência de Monitoramento e Insp Adm Fazendária;PALMAS;ATIVO;SEFAZ/013.GABSEC/013.COFAZ/013.GEINFAZ
239;239;Secretaria da Fazenda;013.GENAC;Gerência de Normas para a apuração de Custos;PALMAS;ATIVO;SEFAZ/013.GABSEC/013.GABSEXT/013.SUCOG/013.DICUS/013.GENAC
240;240;Secretaria da Fazenda;013.GENOR;Gerência de Normatização;PALMAS;ATIVO;SEFAZ/013.GABSEC/013.GASEGT/013.SUATRI/013.DITRIB/013.GENOR
241;241;Secretaria da Fazenda;013.GENOCON;Gerência de Normatização Contábil;PALMAS;ATIVO;SEFAZ/013.GABSEC/013.GABSEXT/013.SUCOG/013.DIANP/013.GENOCON
242;242;Secretaria da Fazenda;013.GEPFI;Gerência de Planejamento Financeiro;PALMAS;ATIVO;SEFAZ/013.GABSEC/013.DIGECE/013.GEPFI
243;243;Secretaria da Fazenda;013.GEPROC;Gerência de Processos e Procedimentos;PALMAS;ATIVO;SEFAZ/013.GABSEC/013.COFAZ/013.GEPROC
244;244;Secretaria da Fazenda;013.GECAED;Gerência de Programação, Capacit e Educação;PALMAS;ATIVO;SEFAZ/013.GABSEC/013.SAF/013.DIEFAZ/013.GECAED
245;245;Secretaria da Fazenda;013.GERCOM;Gerência de Redes e Comunicação;PALMAS;ATIVO;SEFAZ/013.GABSEC/013.SUTIF/013.DINFRA/013.GERCOM
246;246;Secretaria da Fazenda;013.GESDI;Gerência de Segurança Digital;PALMAS;ATIVO;SEFAZ/013.GABSEC/013.SUTIF/013.DIGET/013.GESDI
247;247;Secretaria da Fazenda;013.GESDAT;Gerência de Servidores e Data Center;PALMAS;ATIVO;SEFAZ/013.GABSEC/013.SUTIF/013.DINFRA/013.GESDAT
248;248;Secretaria da Fazenda;013.GESFIN;Gerência de Sistemas Financeiros;PALMAS;ATIVO;SEFAZ/013.GABSEC/013.SUTIF/013.DICORP/013.GESFIN
249;249;Secretaria da Fazenda;013.GESITRI;Gerência de Sistemas Tributários;PALMAS;ATIVO;SEFAZ/013.GABSEC/013.SUTIF/013.DICORP/013.GESITRI
250;250;Secretaria da Fazenda;013.GESUT;Gerência de Substituição Tributária;PALMAS;ATIVO;SEFAZ/013.GABSEC/013.GASEGT/013.SUATRI/013.DIGCON/013.GESUT
251;251;Secretaria da Fazenda;013.GESOP;Gerência de Suporte e Operações;PALMAS;ATIVO;SEFAZ/013.GABSEC/013.SUTIF/013.DIGET/013.GESOP
252;252;Secretaria da Fazenda;013.GETHO;Gerência de Testes e Homologação;PALMAS;ATIVO;SEFAZ/013.GABSEC/013.SUTIF/013.DICORP/013.GETHO
253;253;Secretaria da Fazenda;013.GETRANS;Gerência de Transporte;PALMAS;ATIVO;SEFAZ/013.GABSEC/013.SAF/013.DAF/013.GETRANS
254;254;Secretaria da Fazenda;013.GETEC;Gerência de Tribut de Energia e Comunicação;PALMAS;ATIVO;SEFAZ/013.GABSEC/013.GASEGT/013.SUATRI/013.DIGCON/013.GETEC
255;255;Secretaria da Fazenda;013.GETC;Gerência de Tributação de Combustível;PALMAS;ATIVO;SEFAZ/013.GABSEC/013.GASEGT/013.SUATRI/013.DIGCON/013.GETC
256;256;Secretaria da Fazenda;013.GETACE;Gerência de Tributação do Agron e Com Exterior;PALMAS;ATIVO;SEFAZ/013.GABSEC/013.GASEGT/013.SUATRI/013.DIGCON/013.GETACE
257;257;Secretaria da Fazenda;013.GEGADM;Gerência Geral de Administração;PALMAS;ATIVO;SEFAZ/013.GABSEC/013.SAF/013.DAF/013.GEGADM
258;258;Secretaria da Fazenda;013.MCPPDS;Membro Com P Proc Disc Sindicâncias e Revisão;PALMAS;ATIVO;SEFAZ/013.GABSEC/013.PCPPDS/013.MCPPDS
259;259;Secretaria da Fazenda;013.OUVFA;Ouvidoria Fazendária;PALMAS;ATIVO;SEFAZ/013.GABSEC/013.OUVFA
260;260;Secretaria da Fazenda;013.POSFISBAL;Posto Fiscal - Balsa;TOCANTINOPOLIS;ATIVO;SEFAZ/013.GABSEC/013.GASEGT/013.SUATRI/013.DIREC/013.DRFTOC/013.AGEATTOC/013.POSFISBAL
261;261;Secretaria da Fazenda;013.POFIBEVI;Posto Fiscal - Bela Vista;SAO MIGUEL DO TOCANTINS;ATIVO;SEFAZ/013.GABSEC/013.GASEGT/013.SUATRI/013.DIREC/013.DRFAGI/013.POFIBEVI
262;262;Secretaria da Fazenda;013.POFIBEI;Posto Fiscal - Bezerra I;ARRAIAS;ATIVO;SEFAZ/013.GABSEC/013.GASEGT/013.SUATRI/013.DIREC/013.DRFTAG/013.POFIBEI
263;263;Secretaria da Fazenda;013.POSFISCAS;Posto Fiscal - Caseara;CASEARA;ATIVO;SEFAZ/013.GABSEC/013.GASEGT/013.SUATRI/013.DIREC/013.DRFPTO/013.AGEATCAS/013.POSFISCAS
264;264;Secretaria da Fazenda;013.POFICOMA;Posto Fiscal - Couto Magalhaes;COUTO DE MAGALHAES;ATIVO;SEFAZ/013.GABSEC/013.GASEGT/013.SUATRI/013.DIREC/013.DRFCOL/013.AGEATCOM/013.POFICOMA
265;265;Secretaria da Fazenda;013.POFIDUPO;Posto Fiscal - Duas Pontes;DIANOPOLIS;ATIVO;SEFAZ/013.GABSEC/013.GASEGT/013.SUATRI/013.DIREC/013.DRFTAG/013.POFIDUPO
266;266;Secretaria da Fazenda;013.POSFISEST;Posto Fiscal - Estreito;AGUIARNOPOLIS;ATIVO;SEFAZ/013.GABSEC/013.GASEGT/013.SUATRI/013.DIREC/013.DRFTOC/013.POSFISEST
267;267;Secretaria da Fazenda;013.POSFISFIL;Posto Fiscal - Filadelfia;FILADELFIA;ATIVO;SEFAZ/013.GABSEC/013.GASEGT/013.SUATRI/013.DIREC/013.DRFARA/013.AGEATFID/013.POSFISFIL
268;268;Secretaria da Fazenda;013.POFIJATO;Posto Fiscal - Jau do Tocantins;JAU DO TOCANTINS;ATIVO;SEFAZ/013.GABSEC/013.GASEGT/013.SUATRI/013.DIREC/013.DRFALV/013.AGEATJAT/013.POFIJATO
269;269;Secretaria da Fazenda;013.POSFISLEV;Posto Fiscal - Levantado;TAGUATINGA;ATIVO;SEFAZ/013.GABSEC/013.GASEGT/013.SUATRI/013.DIREC/013.DRFTAG/013.POSFISLEV
270;270;Secretaria da Fazenda;013.POFINOAL;Posto Fiscal - Novo Alegre;NOVO ALEGRE;ATIVO;SEFAZ/013.GABSEC/013.GASEGT/013.SUATRI/013.DIREC/013.DRFTAG/013.AGEATNAL/013.POFINOAL
271;271;Secretaria da Fazenda;013.POFIPADA;Posto Fiscal - Pau Darco;PAU DARCO;ATIVO;SEFAZ/013.GABSEC/013.GASEGT/013.SUATRI/013.DIREC/013.DRFCOL/013.POFIPADA
272;272;Secretaria da Fazenda;013.POFISEGE;Posto Fiscal - Serra Geral;PONTE ALTA DO BOM JESUS;ATIVO;SEFAZ/013.GABSEC/013.GASEGT/013.SUATRI/013.DIREC/013.DRFTAG/013.POFISEGE
273;273;Secretaria da Fazenda;013.POSFISTAL;Posto Fiscal - Talisma;TALISMA;ATIVO;SEFAZ/013.GABSEC/013.GASEGT/013.SUATRI/013.DIREC/013.DRFALV/013.AGEATTAL/013.POSFISTAL
274;274;Secretaria da Fazenda;013.POSFISTRA;Posto Fiscal - Transamazonica;ARAGUATINS;ATIVO;SEFAZ/013.GABSEC/013.GASEGT/013.SUATRI/013.DIREC/013.DRFAGI/013.POSFISTRA
275;275;Secretaria da Fazenda;013.PRESCONT;Presidência do Contencioso Adm Tributário;PALMAS;ATIVO;SEFAZ/013.GABSEC/013.PRESCONT
276;276;Secretaria da Fazenda;013.PCPPDS;Presidente Com P Proc Disc Sindicâncias e Revisão;PALMAS;ATIVO;SEFAZ/013.GABSEC/013.PCPPDS
277;277;Secretaria da Fazenda;013.SEGER2;Secretaria-Geral;PALMAS;ATIVO;SEFAZ/013.GABSEC/013.GASEGT/013.SEGER2
278;278;Secretaria da Fazenda;013.SAF;Superintendência de Administração e Finanças;PALMAS;ATIVO;SEFAZ/013.GABSEC/013.SAF
279;279;Secretaria da Fazenda;013.SUATRI;Superintendência de Administração Tributária;PALMAS;ATIVO;SEFAZ/013.GABSEC/013.GASEGT/013.SUATRI
280;280;Secretaria da Fazenda;013.SUASJUR;Superintendência de Assuntos Jurídicos;PALMAS;ATIVO;SEFAZ/013.GABSEC/013.SUASJUR
281;281;Secretaria da Fazenda;013.SUCOLI;Superintendência de Compras e Central de Licitação;PALMAS;ATIVO;SEFAZ/013.GABSEC/013.GABSEXT/013.SUCOLI
282;282;Secretaria da Fazenda;013.SUCOG;Superintendência de Contabilidade Geral;PALMAS;ATIVO;SEFAZ/013.GABSEC/013.GABSEXT/013.SUCOG
283;283;Secretaria da Fazenda;013.SUPEFE;Superintendência de Enfret a Frau Fis Estruturadas;PALMAS;ATIVO;SEFAZ/013.GABSEC/013.GASEGT/013.SUPEFE
284;284;Secretaria da Fazenda;013.SUTIF;Superintendência de Tecnol e Inov Fazendária;PALMAS;ATIVO;SEFAZ/013.GABSEC/013.SUTIF
285;285;Secretaria da Fazenda;013.SUTES;Superintendência do Tesouro Estadual;PALMAS;ATIVO;SEFAZ/013.GABSEC/013.GABSEXT/013.SUTES
286;286;Secretaria da Fazenda;013.SERCED;Servidores Cedidos Externos;PALMAS;ATIVO;SEFAZ/013.GABSEC/013.SERCED
